WEO Country Code,ISO,Country,Subject Descriptor,Units,Scale,Country/Series-specific Notes,2015,2016,2017,2018,2019,Estimates Start After
512,AFG,Afghanistan,"Gross domestic product, current prices",U.S. dollars,Billions,"See notes for:  Gross domestic product, current prices (National currency).",19.68 ,19.65 ,20.93 ,22.22 ,23.82 ,2013
914,ALB,Albania,"Gross domestic product, current prices",U.S. dollars,Billions,"See notes for:  Gross domestic product, current prices (National currency).",11.59 ,12.20 ,13.21 ,14.34 ,15.55 ,2012
612,DZA,Algeria,"Gross domestic product, current prices",U.S. dollars,Billions,"See notes for:  Gross domestic product, current prices (National currency).",175.08 ,181.71 ,192.26 ,202.18 ,210.91 ,2013
614,AGO,Angola,"Gross domestic product, current prices",U.S. dollars,Billions,"See notes for:  Gross domestic product, current prices (National currency).",102.01 ,98.82 ,105.37 ,112.53 ,119.40 ,2013
311,ATG,Antigua and Barbuda,"Gross domestic product, current prices",U.S. dollars,Billions,"See notes for:  Gross domestic product, current prices (National currency).",1.29 ,1.33 ,1.39 ,1.46 ,1.54 ,2014
213,ARG,Argentina,"Gross domestic product, current prices",U.S. dollars,Billions,"See notes for:  Gross domestic product, current prices (National currency).",578.71 ,578.69 ,589.59 ,602.87 ,617.39 ,2014
911,ARM,Armenia,"Gross domestic product, current prices",U.S. dollars,Billions,"See notes for:  Gross domestic product, current prices (National currency).",10.61 ,10.67 ,11.07 ,11.63 ,12.27 ,2014
193,AUS,Australia,"Gross domestic product, current prices",U.S. dollars,Billions,"See notes for:  Gross domestic product, current prices (National currency).",1240.80 ,1253.00 ,1317.16 ,1381.51 ,1442.47 ,2014
122,AUT,Austria,"Gross domestic product, current prices",U.S. dollars,Billions,"See notes for:  Gross domestic product, current prices (National currency).",372.61 ,386.23 ,402.79 ,418.40 ,433.75 ,2014
912,AZE,Azerbaijan,"Gross domestic product, current prices",U.S. dollars,Billions,"See notes for:  Gross domestic product, current prices (National currency).",63.98 ,63.60 ,70.93 ,74.27 ,84.00 ,2014
313,BHS,The Bahamas,"Gross domestic product, current prices",U.S. dollars,Billions,"See notes for:  Gross domestic product, current prices (National currency).",8.88 ,9.20 ,9.55 ,9.81 ,10.11 ,2014
419,BHR,Bahrain,"Gross domestic product, current prices",U.S. dollars,Billions,"See notes for:  Gross domestic product, current prices (National currency).",30.91 ,32.34 ,34.32 ,36.33 ,38.45 ,2014
513,BGD,Bangladesh,"Gross domestic product, current prices",U.S. dollars,Billions,"See notes for:  Gross domestic product, current prices (National currency).",202.33 ,218.99 ,238.72 ,260.87 ,285.33 ,2013
316,BRB,Barbados,"Gross domestic product, current prices",U.S. dollars,Billions,"See notes for:  Gross domestic product, current prices (National currency).",4.45 ,4.54 ,4.65 ,4.81 ,5.00 ,2013
913,BLR,Belarus,"Gross domestic product, current prices",U.S. dollars,Billions,"See notes for:  Gross domestic product, current prices (National currency).",62.02 ,66.37 ,71.00 ,76.02 ,82.44 ,2013
124,BEL,Belgium,"Gross domestic product, current prices",U.S. dollars,Billions,"See notes for:  Gross domestic product, current prices (National currency).",458.65 ,473.52 ,492.06 ,511.49 ,531.19 ,2014
339,BLZ,Belize,"Gross domestic product, current prices",U.S. dollars,Billions,"See notes for:  Gross domestic product, current prices (National currency).",1.76 ,1.84 ,1.93 ,2.02 ,2.11 ,2013
638,BEN,Benin,"Gross domestic product, current prices",U.S. dollars,Billions,"See notes for:  Gross domestic product, current prices (National currency).",7.70 ,8.30 ,9.06 ,9.90 ,10.77 ,2012
514,BTN,Bhutan,"Gross domestic product, current prices",U.S. dollars,Billions,"See notes for:  Gross domestic product, current prices (National currency).",2.21 ,2.47 ,2.75 ,3.14 ,3.47 ,0
218,BOL,Bolivia,"Gross domestic product, current prices",U.S. dollars,Billions,"See notes for:  Gross domestic product, current prices (National currency).",33.54 ,35.23 ,38.20 ,41.43 ,44.90 ,2014
963,BIH,Bosnia and Herzegovina,"Gross domestic product, current prices",U.S. dollars,Billions,"See notes for:  Gross domestic product, current prices (National currency).",15.57 ,16.31 ,17.36 ,18.56 ,19.90 ,2014
616,BWA,Botswana,"Gross domestic product, current prices",U.S. dollars,Billions,"See notes for:  Gross domestic product, current prices (National currency).",13.09 ,13.01 ,13.84 ,14.81 ,16.07 ,2012
223,BRA,Brazil,"Gross domestic product, current prices",U.S. dollars,Billions,"See notes for:  Gross domestic product, current prices (National currency).",1799.61 ,1672.90 ,1759.27 ,1854.68 ,1953.67 ,2014
516,BRN,Brunei Darussalam,"Gross domestic product, current prices",U.S. dollars,Billions,"See notes for:  Gross domestic product, current prices (National currency).",11.64 ,11.85 ,13.04 ,14.55 ,17.13 ,2014
918,BGR,Bulgaria,"Gross domestic product, current prices",U.S. dollars,Billions,"See notes for:  Gross domestic product, current prices (National currency).",47.17 ,48.59 ,50.73 ,53.23 ,56.03 ,2014
748,BFA,Burkina Faso,"Gross domestic product, current prices",U.S. dollars,Billions,"See notes for:  Gross domestic product, current prices (National currency).",11.32 ,12.24 ,13.43 ,14.78 ,16.27 ,2014
618,BDI,Burundi,"Gross domestic product, current prices",U.S. dollars,Billions,"See notes for:  Gross domestic product, current prices (National currency).",2.97 ,3.25 ,3.51 ,3.83 ,4.15 ,2011
624,CPV,Cabo Verde,"Gross domestic product, current prices",U.S. dollars,Billions,"See notes for:  Gross domestic product, current prices (National currency).",1.64 ,1.75 ,1.88 ,2.02 ,2.18 ,2014
522,KHM,Cambodia,"Gross domestic product, current prices",U.S. dollars,Billions,"See notes for:  Gross domestic product, current prices (National currency).",17.71 ,19.20 ,20.86 ,22.77 ,24.83 ,2013
622,CMR,Cameroon,"Gross domestic product, current prices",U.S. dollars,Billions,"See notes for:  Gross domestic product, current prices (National currency).",28.52 ,30.79 ,33.52 ,36.46 ,39.59 ,2014
156,CAN,Canada,"Gross domestic product, current prices",U.S. dollars,Billions,"See notes for:  Gross domestic product, current prices (National currency).",1572.78 ,1592.35 ,1682.37 ,1773.80 ,1860.06 ,2014
626,CAF,Central African Republic,"Gross domestic product, current prices",U.S. dollars,Billions,"See notes for:  Gross domestic product, current prices (National currency).",1.62 ,1.84 ,2.10 ,2.37 ,2.64 ,2012
628,TCD,Chad,"Gross domestic product, current prices",U.S. dollars,Billions,"See notes for:  Gross domestic product, current prices (National currency).",11.69 ,12.82 ,14.70 ,15.99 ,17.44 ,2013
228,CHL,Chile,"Gross domestic product, current prices",U.S. dollars,Billions,"See notes for:  Gross domestic product, current prices (National currency).",240.04 ,240.31 ,250.95 ,262.95 ,276.48 ,2014
924,CHN,China,"Gross domestic product, current prices",U.S. dollars,Billions,"See notes for:  Gross domestic product, current prices (National currency).",11384.76 ,12253.98 ,13173.59 ,14272.35 ,15620.71 ,2014
233,COL,Colombia,"Gross domestic product, current prices",U.S. dollars,Billions,"See notes for:  Gross domestic product, current prices (National currency).",274.19 ,263.48 ,303.75 ,339.67 ,379.03 ,2014
632,COM,Comoros,"Gross domestic product, current prices",U.S. dollars,Billions,"See notes for:  Gross domestic product, current prices (National currency).",0.59 ,0.63 ,0.67 ,0.72 ,0.77 ,2013
636,COD,Democratic Republic of the Congo,"Gross domestic product, current prices",U.S. dollars,Billions,"See notes for:  Gross domestic product, current prices (National currency).",39.06 ,42.06 ,45.41 ,48.85 ,52.80 ,2006
634,COG,Republic of Congo,"Gross domestic product, current prices",U.S. dollars,Billions,"See notes for:  Gross domestic product, current prices (National currency).",8.87 ,9.77 ,12.20 ,12.80 ,12.53 ,2014
238,CRI,Costa Rica,"Gross domestic product, current prices",U.S. dollars,Billions,"See notes for:  Gross domestic product, current prices (National currency).",51.62 ,54.98 ,58.79 ,62.96 ,67.21 ,2014
662,CIV,C魌e d'Ivoire,"Gross domestic product, current prices",U.S. dollars,Billions,"See notes for:  Gross domestic product, current prices (National currency).",31.27 ,34.28 ,37.91 ,41.84 ,45.96 ,2012
960,HRV,Croatia,"Gross domestic product, current prices",U.S. dollars,Billions,"See notes for:  Gross domestic product, current prices (National currency).",48.93 ,50.04 ,52.19 ,54.92 ,57.95 ,2014
423,CYP,Cyprus,"Gross domestic product, current prices",U.S. dollars,Billions,"See notes for:  Gross domestic product, current prices (National currency).",19.38 ,19.89 ,20.77 ,21.74 ,22.75 ,2014
935,CZE,Czech Republic,"Gross domestic product, current prices",U.S. dollars,Billions,"See notes for:  Gross domestic product, current prices (National currency).",182.46 ,189.98 ,196.99 ,201.46 ,203.53 ,2014
128,DNK,Denmark,"Gross domestic product, current prices",U.S. dollars,Billions,"See notes for:  Gross domestic product, current prices (National currency).",291.04 ,300.91 ,316.27 ,333.13 ,349.89 ,2014
611,DJI,Djibouti,"Gross domestic product, current prices",U.S. dollars,Billions,"See notes for:  Gross domestic product, current prices (National currency).",1.74 ,1.93 ,2.14 ,2.37 ,2.61 ,2014
321,DMA,Dominica,"Gross domestic product, current prices",U.S. dollars,Billions,"See notes for:  Gross domestic product, current prices (National currency).",0.54 ,0.56 ,0.58 ,0.60 ,0.62 ,2014
243,DOM,Dominican Republic,"Gross domestic product, current prices",U.S. dollars,Billions,"See notes for:  Gross domestic product, current prices (National currency).",66.58 ,69.91 ,73.41 ,77.09 ,80.95 ,2014
248,ECU,Ecuador,"Gross domestic product, current prices",U.S. dollars,Billions,"See notes for:  Gross domestic product, current prices (National currency).",98.93 ,101.70 ,104.77 ,108.47 ,112.42 ,2014
469,EGY,Egypt,"Gross domestic product, current prices",U.S. dollars,Billions,"See notes for:  Gross domestic product, current prices (National currency).",n/a,n/a,n/a,n/a,n/a,2014
253,SLV,El Salvador,"Gross domestic product, current prices",U.S. dollars,Billions,"See notes for:  Gross domestic product, current prices (National currency).",25.65 ,26.59 ,27.68 ,28.90 ,30.08 ,2014
642,GNQ,Equatorial Guinea,"Gross domestic product, current prices",U.S. dollars,Billions,"See notes for:  Gross domestic product, current prices (National currency).",10.03 ,10.21 ,10.40 ,10.55 ,10.68 ,2013
643,ERI,Eritrea,"Gross domestic product, current prices",U.S. dollars,Billions,"See notes for:  Gross domestic product, current prices (National currency).",4.26 ,4.81 ,5.48 ,6.29 ,7.23 ,2006
939,EST,Estonia,"Gross domestic product, current prices",U.S. dollars,Billions,"See notes for:  Gross domestic product, current prices (National currency).",22.93 ,24.22 ,25.87 ,27.65 ,29.54 ,2013
644,ETH,Ethiopia,"Gross domestic product, current prices",U.S. dollars,Billions,"See notes for:  Gross domestic product, current prices (National currency).",63.02 ,70.17 ,77.44 ,84.41 ,91.98 ,2014
819,FJI,Fiji,"Gross domestic product, current prices",U.S. dollars,Billions,"See notes for:  Gross domestic product, current prices (National currency).",4.53 ,4.75 ,4.97 ,5.21 ,5.47 ,2013
172,FIN,Finland,"Gross domestic product, current prices",U.S. dollars,Billions,"See notes for:  Gross domestic product, current prices (National currency).",230.69 ,237.11 ,246.36 ,256.60 ,267.34 ,2014
132,FRA,France,"Gross domestic product, current prices",U.S. dollars,Billions,"See notes for:  Gross domestic product, current prices (National currency).",2422.65 ,2488.38 ,2586.57 ,2690.48 ,2801.75 ,2014
646,GAB,Gabon,"Gross domestic product, current prices",U.S. dollars,Billions,"See notes for:  Gross domestic product, current prices (National currency).",13.80 ,14.24 ,15.48 ,16.65 ,17.77 ,2013
648,GMB,The Gambia,"Gross domestic product, current prices",U.S. dollars,Billions,"See notes for:  Gross domestic product, current prices (National currency).",0.76 ,0.76 ,0.82 ,0.88 ,0.96 ,2012
915,GEO,Georgia,"Gross domestic product, current prices",U.S. dollars,Billions,"See notes for:  Gross domestic product, current prices (National currency).",13.75 ,14.27 ,15.68 ,17.07 ,18.63 ,2014
134,DEU,Germany,"Gross domestic product, current prices",U.S. dollars,Billions,"See notes for:  Gross domestic product, current prices (National currency).",3371.00 ,3472.51 ,3595.41 ,3721.37 ,3846.70 ,2014
652,GHA,Ghana,"Gross domestic product, current prices",U.S. dollars,Billions,"See notes for:  Gross domestic product, current prices (National currency).",37.68 ,42.30 ,46.92 ,51.23 ,54.99 ,2014
174,GRC,Greece,"Gross domestic product, current prices",U.S. dollars,Billions,"See notes for:  Gross domestic product, current prices (National currency).",192.98 ,192.52 ,201.34 ,211.90 ,222.36 ,2014
328,GRD,Grenada,"Gross domestic product, current prices",U.S. dollars,Billions,"See notes for:  Gross domestic product, current prices (National currency).",0.96 ,1.01 ,1.06 ,1.11 ,1.16 ,2014
258,GTM,Guatemala,"Gross domestic product, current prices",U.S. dollars,Billions,"See notes for:  Gross domestic product, current prices (National currency).",63.22 ,66.40 ,70.53 ,75.13 ,79.96 ,2014
656,GIN,Guinea,"Gross domestic product, current prices",U.S. dollars,Billions,"See notes for:  Gross domestic product, current prices (National currency).",6.73 ,7.07 ,7.59 ,8.17 ,8.71 ,2009
654,GNB,Guinea-Bissau,"Gross domestic product, current prices",U.S. dollars,Billions,"See notes for:  Gross domestic product, current prices (National currency).",1.04 ,1.12 ,1.21 ,1.31 ,1.43 ,2011
336,GUY,Guyana,"Gross domestic product, current prices",U.S. dollars,Billions,"See notes for:  Gross domestic product, current prices (National currency).",3.20 ,3.41 ,3.60 ,3.80 ,4.01 ,2012
263,HTI,Haiti,"Gross domestic product, current prices",U.S. dollars,Billions,"See notes for:  Gross domestic product, current prices (National currency).",8.80 ,8.92 ,9.34 ,9.83 ,10.40 ,2015
268,HND,Honduras,"Gross domestic product, current prices",U.S. dollars,Billions,"See notes for:  Gross domestic product, current prices (National currency).",19.94 ,20.46 ,21.00 ,21.65 ,22.36 ,2013
532,HKG,Hong Kong SAR,"Gross domestic product, current prices",U.S. dollars,Billions,"See notes for:  Gross domestic product, current prices (National currency).",307.79 ,322.17 ,339.38 ,358.67 ,379.78 ,2014
944,HUN,Hungary,"Gross domestic product, current prices",U.S. dollars,Billions,"See notes for:  Gross domestic product, current prices (National currency).",118.49 ,124.01 ,130.64 ,137.34 ,143.76 ,2014
176,ISL,Iceland,"Gross domestic product, current prices",U.S. dollars,Billions,"See notes for:  Gross domestic product, current prices (National currency).",16.74 ,17.78 ,18.59 ,19.27 ,19.76 ,2014
534,IND,India,"Gross domestic product, current prices",U.S. dollars,Billions,"See notes for:  Gross domestic product, current prices (National currency).",2182.58 ,2384.73 ,2607.41 ,2846.16 ,3131.95 ,2015
536,IDN,Indonesia,"Gross domestic product, current prices",U.S. dollars,Billions,"See notes for:  Gross domestic product, current prices (National currency).",872.62 ,875.75 ,950.44 ,1021.23 ,1103.29 ,2014
429,IRN,Islamic Republic of Iran,"Gross domestic product, current prices",U.S. dollars,Billions,"See notes for:  Gross domestic product, current prices (National currency).",396.92 ,416.22 ,447.03 ,480.76 ,516.51 ,2015
433,IRQ,Iraq,"Gross domestic product, current prices",U.S. dollars,Billions,"See notes for:  Gross domestic product, current prices (National currency).",165.06 ,176.42 ,200.39 ,223.89 ,247.00 ,2014
178,IRL,Ireland,"Gross domestic product, current prices",U.S. dollars,Billions,"See notes for:  Gross domestic product, current prices (National currency).",227.50 ,240.45 ,254.36 ,267.75 ,280.73 ,2014
436,ISR,Israel,"Gross domestic product, current prices",U.S. dollars,Billions,"See notes for:  Gross domestic product, current prices (National currency).",298.87 ,312.43 ,319.39 ,325.56 ,331.09 ,2014
136,ITA,Italy,"Gross domestic product, current prices",U.S. dollars,Billions,"See notes for:  Gross domestic product, current prices (National currency).",1819.05 ,1867.57 ,1932.94 ,1997.84 ,2061.97 ,2014
343,JAM,Jamaica,"Gross domestic product, current prices",U.S. dollars,Billions,"See notes for:  Gross domestic product, current prices (National currency).",13.82 ,14.13 ,14.71 ,15.43 ,16.21 ,2014
158,JPN,Japan,"Gross domestic product, current prices",U.S. dollars,Billions,"See notes for:  Gross domestic product, current prices (National currency).",4116.24 ,4170.64 ,4342.16 ,4446.33 ,4590.91 ,2014
439,JOR,Jordan,"Gross domestic product, current prices",U.S. dollars,Billions,"See notes for:  Gross domestic product, current prices (National currency).",38.21 ,40.89 ,43.82 ,46.94 ,50.28 ,2013
916,KAZ,Kazakhstan,"Gross domestic product, current prices",U.S. dollars,Billions,"See notes for:  Gross domestic product, current prices (National currency).",195.01 ,173.20 ,195.27 ,218.89 ,243.07 ,2014
664,KEN,Kenya,"Gross domestic product, current prices",U.S. dollars,Billions,"See notes for:  Gross domestic product, current prices (National currency).",63.12 ,68.87 ,76.76 ,85.26 ,94.30 ,2014
826,KIR,Kiribati,"Gross domestic product, current prices",U.S. dollars,Billions,"See notes for:  Gross domestic product, current prices (National currency).",0.16 ,0.17 ,0.17 ,0.17 ,0.18 ,2013
542,KOR,Korea,"Gross domestic product, current prices",U.S. dollars,Billions,"See notes for:  Gross domestic product, current prices (National currency).",1392.95 ,1450.05 ,1545.81 ,1649.08 ,1763.36 ,2014
967,UVK,Kosovo,"Gross domestic product, current prices",U.S. dollars,Billions,"See notes for:  Gross domestic product, current prices (National currency).",6.31 ,6.60 ,7.08 ,7.60 ,8.16 ,2013
443,KWT,Kuwait,"Gross domestic product, current prices",U.S. dollars,Billions,"See notes for:  Gross domestic product, current prices (National currency).",123.23 ,128.54 ,141.78 ,155.53 ,167.56 ,2014
917,KGZ,Kyrgyz Republic,"Gross domestic product, current prices",U.S. dollars,Billions,"See notes for:  Gross domestic product, current prices (National currency).",7.16 ,7.66 ,8.30 ,8.99 ,9.72 ,2014
544,LAO,Lao P.D.R.,"Gross domestic product, current prices",U.S. dollars,Billions,"See notes for:  Gross domestic product, current prices (National currency).",12.55 ,13.44 ,15.02 ,17.10 ,18.84 ,2013
941,LVA,Latvia,"Gross domestic product, current prices",U.S. dollars,Billions,"See notes for:  Gross domestic product, current prices (National currency).",27.82 ,29.29 ,31.42 ,33.70 ,36.00 ,2013
446,LBN,Lebanon,"Gross domestic product, current prices",U.S. dollars,Billions,"See notes for:  Gross domestic product, current prices (National currency).",54.40 ,57.03 ,59.41 ,62.21 ,66.12 ,2011
666,LSO,Lesotho,"Gross domestic product, current prices",U.S. dollars,Billions,"See notes for:  Gross domestic product, current prices (National currency).",2.04 ,2.10 ,2.24 ,2.41 ,2.54 ,2014
668,LBR,Liberia,"Gross domestic product, current prices",U.S. dollars,Billions,"See notes for:  Gross domestic product, current prices (National currency).",2.02 ,2.11 ,2.28 ,2.50 ,2.73 ,2011
672,LBY,Libya,"Gross domestic product, current prices",U.S. dollars,Billions,"See notes for:  Gross domestic product, current prices (National currency).",29.72 ,32.38 ,36.58 ,41.53 ,46.75 ,2014
946,LTU,Lithuania,"Gross domestic product, current prices",U.S. dollars,Billions,"See notes for:  Gross domestic product, current prices (National currency).",41.78 ,44.61 ,48.05 ,50.50 ,53.27 ,2013
137,LUX,Luxembourg,"Gross domestic product, current prices",U.S. dollars,Billions,"See notes for:  Gross domestic product, current prices (National currency).",57.93 ,61.26 ,65.17 ,69.33 ,73.65 ,2014
962,MKD,FYR Macedonia,"Gross domestic product, current prices",U.S. dollars,Billions,"See notes for:  Gross domestic product, current prices (National currency).",10.09 ,10.56 ,11.19 ,11.90 ,12.71 ,2014
674,MDG,Madagascar,"Gross domestic product, current prices",U.S. dollars,Billions,"See notes for:  Gross domestic product, current prices (National currency).",9.51 ,9.17 ,9.75 ,10.41 ,11.13 ,2014
676,MWI,Malawi,"Gross domestic product, current prices",U.S. dollars,Billions,"See notes for:  Gross domestic product, current prices (National currency).",6.39 ,6.15 ,6.49 ,6.90 ,7.37 ,2014
548,MYS,Malaysia,"Gross domestic product, current prices",U.S. dollars,Billions,"See notes for:  Gross domestic product, current prices (National currency).",313.48 ,350.99 ,392.44 ,437.43 ,487.73 ,2014
556,MDV,Maldives,"Gross domestic product, current prices",U.S. dollars,Billions,"See notes for:  Gross domestic product, current prices (National currency).",3.03 ,3.23 ,3.48 ,3.77 ,4.09 ,2014
678,MLI,Mali,"Gross domestic product, current prices",U.S. dollars,Billions,"See notes for:  Gross domestic product, current prices (National currency).",10.95 ,11.88 ,12.91 ,13.97 ,15.04 ,2011
181,MLT,Malta,"Gross domestic product, current prices",U.S. dollars,Billions,"See notes for:  Gross domestic product, current prices (National currency).",9.19 ,9.72 ,10.34 ,11.00 ,11.66 ,2013
867,MHL,Marshall Islands,"Gross domestic product, current prices",U.S. dollars,Billions,"See notes for:  Gross domestic product, current prices (National currency).",0.20 ,0.20 ,0.21 ,0.22 ,0.22 ,2013
682,MRT,Mauritania,"Gross domestic product, current prices",U.S. dollars,Billions,"See notes for:  Gross domestic product, current prices (National currency).",4.68 ,4.79 ,5.14 ,5.51 ,5.93 ,2014
684,MUS,Mauritius,"Gross domestic product, current prices",U.S. dollars,Billions,"See notes for:  Gross domestic product, current prices (National currency).",11.57 ,12.15 ,12.90 ,13.70 ,14.53 ,2014
273,MEX,Mexico,"Gross domestic product, current prices",U.S. dollars,Billions,"See notes for:  Gross domestic product, current prices (National currency).",1161.48 ,1187.05 ,1251.25 ,1322.92 ,1404.92 ,2014
868,FSM,Micronesia,"Gross domestic product, current prices",U.S. dollars,Billions,"See notes for:  Gross domestic product, current prices (National currency).",0.31 ,0.31 ,0.32 ,0.33 ,0.34 ,2013
921,MDA,Moldova,"Gross domestic product, current prices",U.S. dollars,Billions,"See notes for:  Gross domestic product, current prices (National currency).",6.19 ,6.50 ,7.01 ,7.57 ,8.24 ,2014
948,MNG,Mongolia,"Gross domestic product, current prices",U.S. dollars,Billions,"See notes for:  Gross domestic product, current prices (National currency).",12.41 ,12.96 ,13.70 ,14.82 ,16.07 ,2014
943,MNE,Montenegro,"Gross domestic product, current prices",U.S. dollars,Billions,"See notes for:  Gross domestic product, current prices (National currency).",3.99 ,4.25 ,4.48 ,4.74 ,4.93 ,2014
686,MAR,Morocco,"Gross domestic product, current prices",U.S. dollars,Billions,"See notes for:  Gross domestic product, current prices (National currency).",103.08 ,109.91 ,117.55 ,126.15 ,135.99 ,2014
688,MOZ,Mozambique,"Gross domestic product, current prices",U.S. dollars,Billions,"See notes for:  Gross domestic product, current prices (National currency).",16.99 ,19.04 ,21.24 ,23.74 ,26.50 ,2014
518,MMR,Myanmar,"Gross domestic product, current prices",U.S. dollars,Billions,"See notes for:  Gross domestic product, current prices (National currency).",65.78 ,71.28 ,79.05 ,87.47 ,96.41 ,2014
728,NAM,Namibia,"Gross domestic product, current prices",U.S. dollars,Billions,"See notes for:  Gross domestic product, current prices (National currency).",12.86 ,13.70 ,14.92 ,16.22 ,17.37 ,2014
558,NPL,Nepal,"Gross domestic product, current prices",U.S. dollars,Billions,"See notes for:  Gross domestic product, current prices (National currency).",21.36 ,24.07 ,26.39 ,28.56 ,30.27 ,2014
138,NLD,Netherlands,"Gross domestic product, current prices",U.S. dollars,Billions,"See notes for:  Gross domestic product, current prices (National currency).",750.78 ,782.93 ,818.49 ,855.64 ,893.29 ,2014
196,NZL,New Zealand,"Gross domestic product, current prices",U.S. dollars,Billions,"See notes for:  Gross domestic product, current prices (National currency).",170.59 ,165.48 ,172.12 ,179.02 ,185.93 ,2014
278,NIC,Nicaragua,"Gross domestic product, current prices",U.S. dollars,Billions,"See notes for:  Gross domestic product, current prices (National currency).",12.32 ,13.09 ,13.87 ,14.70 ,15.58 ,2014
692,NER,Niger,"Gross domestic product, current prices",U.S. dollars,Billions,"See notes for:  Gross domestic product, current prices (National currency).",7.12 ,7.65 ,8.48 ,9.38 ,10.27 ,2013
694,NGA,Nigeria,"Gross domestic product, current prices",U.S. dollars,Billions,"See notes for:  Gross domestic product, current prices (National currency).",492.99 ,484.90 ,508.53 ,534.72 ,565.23 ,2014
142,NOR,Norway,"Gross domestic product, current prices",U.S. dollars,Billions,"See notes for:  Gross domestic product, current prices (National currency).",397.59 ,394.78 ,415.19 ,436.47 ,453.44 ,2014
449,OMN,Oman,"Gross domestic product, current prices",U.S. dollars,Billions,"See notes for:  Gross domestic product, current prices (National currency).",60.18 ,60.63 ,65.16 ,69.11 ,72.12 ,2012
564,PAK,Pakistan,"Gross domestic product, current prices",U.S. dollars,Billions,"See notes for:  Gross domestic product, current prices (National currency).",270.96 ,n/a,n/a,n/a,n/a,2015
565,PLW,Palau,"Gross domestic product, current prices",U.S. dollars,Billions,"See notes for:  Gross domestic product, current prices (National currency).",0.26 ,0.27 ,0.29 ,0.30 ,0.31 ,2014
283,PAN,Panama,"Gross domestic product, current prices",U.S. dollars,Billions,"See notes for:  Gross domestic product, current prices (National currency).",47.47 ,51.53 ,56.03 ,61.15 ,66.30 ,2014
853,PNG,Papua New Guinea,"Gross domestic product, current prices",U.S. dollars,Billions,"See notes for:  Gross domestic product, current prices (National currency).",18.00 ,18.19 ,18.92 ,19.86 ,21.04 ,2013
288,PRY,Paraguay,"Gross domestic product, current prices",U.S. dollars,Billions,"See notes for:  Gross domestic product, current prices (National currency).",29.07 ,30.09 ,31.44 ,32.84 ,34.24 ,2014
293,PER,Peru,"Gross domestic product, current prices",U.S. dollars,Billions,"See notes for:  Gross domestic product, current prices (National currency).",179.91 ,180.38 ,193.59 ,207.92 ,221.31 ,2014
566,PHL,Philippines,"Gross domestic product, current prices",U.S. dollars,Billions,"See notes for:  Gross domestic product, current prices (National currency).",299.31 ,330.23 ,366.75 ,407.94 ,454.80 ,2014
964,POL,Poland,"Gross domestic product, current prices",U.S. dollars,Billions,"See notes for:  Gross domestic product, current prices (National currency).",481.24 ,508.86 ,540.19 ,577.06 ,617.51 ,2014
182,PRT,Portugal,"Gross domestic product, current prices",U.S. dollars,Billions,"See notes for:  Gross domestic product, current prices (National currency).",197.51 ,204.19 ,212.02 ,219.86 ,227.45 ,2014
453,QAT,Qatar,"Gross domestic product, current prices",U.S. dollars,Billions,"See notes for:  Gross domestic product, current prices (National currency).",192.08 ,192.21 ,212.12 ,232.67 ,251.13 ,2014
968,ROU,Romania,"Gross domestic product, current prices",U.S. dollars,Billions,"See notes for:  Gross domestic product, current prices (National currency).",174.92 ,183.37 ,196.79 ,211.09 ,225.12 ,2014
922,RUS,Russia,"Gross domestic product, current prices",U.S. dollars,Billions,"See notes for:  Gross domestic product, current prices (National currency).",1235.86 ,1178.92 ,1309.27 ,1447.26 ,1613.84 ,2014
714,RWA,Rwanda,"Gross domestic product, current prices",U.S. dollars,Billions,"See notes for:  Gross domestic product, current prices (National currency).",8.47 ,9.23 ,10.09 ,11.11 ,12.13 ,2014
862,WSM,Samoa,"Gross domestic product, current prices",U.S. dollars,Billions,"See notes for:  Gross domestic product, current prices (National currency).",0.87 ,0.90 ,0.91 ,0.94 ,0.98 ,2014
135,SMR,San Marino,"Gross domestic product, current prices",U.S. dollars,Billions,"See notes for:  Gross domestic product, current prices (National currency).",1.54 ,1.58 ,1.63 ,1.70 ,1.77 ,2013
716,STP,S鉶 Tom?and Pr韓cipe,"Gross domestic product, current prices",U.S. dollars,Billions,"See notes for:  Gross domestic product, current prices (National currency).",0.33 ,0.36 ,0.38 ,0.41 ,0.45 ,2012
456,SAU,Saudi Arabia,"Gross domestic product, current prices",U.S. dollars,Billions,"See notes for:  Gross domestic product, current prices (National currency).",632.07 ,643.23 ,694.52 ,749.20 ,799.75 ,2014
722,SEN,Senegal,"Gross domestic product, current prices",U.S. dollars,Billions,"See notes for:  Gross domestic product, current prices (National currency).",13.99 ,15.20 ,16.74 ,18.50 ,20.46 ,2013
942,SRB,Serbia,"Gross domestic product, current prices",U.S. dollars,Billions,"See notes for:  Gross domestic product, current prices (National currency).",36.56 ,37.74 ,39.80 ,42.95 ,46.26 ,2014
718,SYC,Seychelles,"Gross domestic product, current prices",U.S. dollars,Billions,"See notes for:  Gross domestic product, current prices (National currency).",1.38 ,1.47 ,1.56 ,1.65 ,1.74 ,2013
724,SLE,Sierra Leone,"Gross domestic product, current prices",U.S. dollars,Billions,"See notes for:  Gross domestic product, current prices (National currency).",4.27 ,4.56 ,4.92 ,5.37 ,5.87 ,2013
576,SGP,Singapore,"Gross domestic product, current prices",U.S. dollars,Billions,"See notes for:  Gross domestic product, current prices (National currency).",293.96 ,308.72 ,328.30 ,348.80 ,370.06 ,2014
936,SVK,Slovak Republic,"Gross domestic product, current prices",U.S. dollars,Billions,"See notes for:  Gross domestic product, current prices (National currency).",86.20 ,90.54 ,96.15 ,101.93 ,107.91 ,2014
961,SVN,Slovenia,"Gross domestic product, current prices",U.S. dollars,Billions,"See notes for:  Gross domestic product, current prices (National currency).",42.74 ,44.02 ,46.06 ,48.17 ,50.31 ,2014
813,SLB,Solomon Islands,"Gross domestic product, current prices",U.S. dollars,Billions,"See notes for:  Gross domestic product, current prices (National currency).",1.21 ,1.29 ,1.39 ,1.49 ,1.61 ,2013
199,ZAF,South Africa,"Gross domestic product, current prices",U.S. dollars,Billions,"See notes for:  Gross domestic product, current prices (National currency).",317.29 ,326.54 ,340.53 ,357.05 ,374.48 ,2014
733,SSD,South Sudan,"Gross domestic product, current prices",U.S. dollars,Billions,"See notes for:  Gross domestic product, current prices (National currency).",12.88 ,13.83 ,14.02 ,12.26 ,13.21 ,2014
184,ESP,Spain,"Gross domestic product, current prices",U.S. dollars,Billions,"See notes for:  Gross domestic product, current prices (National currency).",1221.39 ,1265.12 ,1318.83 ,1372.18 ,1427.74 ,2014
524,LKA,Sri Lanka,"Gross domestic product, current prices",U.S. dollars,Billions,"See notes for:  Gross domestic product, current prices (National currency).",79.52 ,86.30 ,94.21 ,102.84 ,112.26 ,2014
361,KNA,St. Kitts and Nevis,"Gross domestic product, current prices",U.S. dollars,Billions,"See notes for:  Gross domestic product, current prices (National currency).",0.89 ,0.93 ,0.97 ,1.02 ,1.07 ,2013
362,LCA,St. Lucia,"Gross domestic product, current prices",U.S. dollars,Billions,"See notes for:  Gross domestic product, current prices (National currency).",1.44 ,1.50 ,1.57 ,1.63 ,1.70 ,2014
364,VCT,St. Vincent and the Grenadines,"Gross domestic product, current prices",U.S. dollars,Billions,"See notes for:  Gross domestic product, current prices (National currency).",0.77 ,0.79 ,0.83 ,0.87 ,0.91 ,2014
732,SDN,Sudan,"Gross domestic product, current prices",U.S. dollars,Billions,"See notes for:  Gross domestic product, current prices (National currency).",84.33 ,85.22 ,93.82 ,101.05 ,109.36 ,2013
366,SUR,Suriname,"Gross domestic product, current prices",U.S. dollars,Billions,"See notes for:  Gross domestic product, current prices (National currency).",5.05 ,5.19 ,5.74 ,6.25 ,6.74 ,2011
734,SWZ,Swaziland,"Gross domestic product, current prices",U.S. dollars,Billions,"See notes for:  Gross domestic product, current prices (National currency).",4.31 ,4.36 ,4.45 ,4.56 ,4.66 ,2014
144,SWE,Sweden,"Gross domestic product, current prices",U.S. dollars,Billions,"See notes for:  Gross domestic product, current prices (National currency).",483.72 ,499.18 ,519.64 ,541.47 ,562.12 ,2014
146,CHE,Switzerland,"Gross domestic product, current prices",U.S. dollars,Billions,"See notes for:  Gross domestic product, current prices (National currency).",676.98 ,687.59 ,707.53 ,727.23 ,746.28 ,2014
463,SYR,Syria,"Gross domestic product, current prices",U.S. dollars,Billions,"See notes for:  Gross domestic product, current prices (National currency).",n/a,n/a,n/a,n/a,n/a,2010
528,TWN,Taiwan Province of China,"Gross domestic product, current prices",U.S. dollars,Billions,"See notes for:  Gross domestic product, current prices (National currency).",518.82 ,540.07 ,565.37 ,591.25 ,618.10 ,2014
923,TJK,Tajikistan,"Gross domestic product, current prices",U.S. dollars,Billions,"See notes for:  Gross domestic product, current prices (National currency).",8.05 ,7.97 ,8.59 ,9.33 ,10.18 ,2014
738,TZA,Tanzania,"Gross domestic product, current prices",U.S. dollars,Billions,"See notes for:  Gross domestic product, current prices (National currency).",46.19 ,46.87 ,50.35 ,54.76 ,59.35 ,2012
578,THA,Thailand,"Gross domestic product, current prices",U.S. dollars,Billions,"See notes for:  Gross domestic product, current prices (National currency).",373.54 ,393.02 ,411.27 ,432.41 ,454.08 ,2014
537,TLS,Timor-Leste,"Gross domestic product, current prices",U.S. dollars,Billions,"See notes for:  Gross domestic product, current prices (National currency).",4.23 ,3.94 ,3.79 ,3.90 ,3.89 ,2013
742,TGO,Togo,"Gross domestic product, current prices",U.S. dollars,Billions,"See notes for:  Gross domestic product, current prices (National currency).",4.15 ,4.50 ,4.92 ,5.37 ,5.84 ,2014
866,TON,Tonga,"Gross domestic product, current prices",U.S. dollars,Billions,"See notes for:  Gross domestic product, current prices (National currency).",0.44 ,0.47 ,0.51 ,0.53 ,0.56 ,2012
369,TTO,Trinidad and Tobago,"Gross domestic product, current prices",U.S. dollars,Billions,"See notes for:  Gross domestic product, current prices (National currency).",27.67 ,28.32 ,30.02 ,31.91 ,33.90 ,2012
744,TUN,Tunisia,"Gross domestic product, current prices",U.S. dollars,Billions,"See notes for:  Gross domestic product, current prices (National currency).",44.27 ,44.58 ,45.63 ,46.96 ,50.17 ,2014
186,TUR,Turkey,"Gross domestic product, current prices",U.S. dollars,Billions,"See notes for:  Gross domestic product, current prices (National currency).",722.22 ,721.17 ,761.44 ,804.56 ,851.77 ,2014
925,TKM,Turkmenistan,"Gross domestic product, current prices",U.S. dollars,Billions,"See notes for:  Gross domestic product, current prices (National currency).",44.36 ,51.27 ,58.19 ,65.46 ,73.97 ,2014
869,TUV,Tuvalu,"Gross domestic product, current prices",U.S. dollars,Billions,"See notes for:  Gross domestic product, current prices (National currency).",0.03 ,0.04 ,0.04 ,0.04 ,0.04 ,2012
746,UGA,Uganda,"Gross domestic product, current prices",U.S. dollars,Billions,"See notes for:  Gross domestic product, current prices (National currency).",24.94 ,26.63 ,29.26 ,31.58 ,34.19 ,2013
926,UKR,Ukraine,"Gross domestic product, current prices",U.S. dollars,Billions,"See notes for:  Gross domestic product, current prices (National currency).",90.14 ,93.81 ,104.31 ,115.46 ,125.99 ,2015
466,ARE,United Arab Emirates,"Gross domestic product, current prices",U.S. dollars,Billions,"See notes for:  Gross domestic product, current prices (National currency).",339.09 ,356.22 ,382.62 ,410.42 ,438.12 ,2014
112,GBR,United Kingdom,"Gross domestic product, current prices",U.S. dollars,Billions,"See notes for:  Gross domestic product, current prices (National currency).",2864.90 ,3054.84 ,3232.28 ,3425.54 ,3616.82 ,2014
111,USA,United States,"Gross domestic product, current prices",U.S. dollars,Billions,"See notes for:  Gross domestic product, current prices (National currency).",17968.20 ,18697.92 ,19555.87 ,20493.25 ,21404.19 ,2014
298,URY,Uruguay,"Gross domestic product, current prices",U.S. dollars,Billions,"See notes for:  Gross domestic product, current prices (National currency).",54.97 ,57.15 ,59.94 ,63.13 ,66.53 ,2014
927,UZB,Uzbekistan,"Gross domestic product, current prices",U.S. dollars,Billions,"See notes for:  Gross domestic product, current prices (National currency).",65.95 ,68.70 ,73.46 ,78.31 ,83.48 ,2014
846,VUT,Vanuatu,"Gross domestic product, current prices",U.S. dollars,Billions,"See notes for:  Gross domestic product, current prices (National currency).",0.77 ,0.83 ,0.89 ,0.95 ,1.00 ,2013
299,VEN,Venezuela,"Gross domestic product, current prices",U.S. dollars,Billions,"See notes for:  Gross domestic product, current prices (National currency).",131.86 ,133.53 ,144.23 ,155.10 ,170.41 ,2013
582,VNM,Vietnam,"Gross domestic product, current prices",U.S. dollars,Billions,"See notes for:  Gross domestic product, current prices (National currency).",198.81 ,214.75 ,229.85 ,247.42 ,265.99 ,2013
474,YEM,Yemen,"Gross domestic product, current prices",U.S. dollars,Billions,"See notes for:  Gross domestic product, current prices (National currency).",34.93 ,41.88 ,47.86 ,51.93 ,55.11 ,2008
754,ZMB,Zambia,"Gross domestic product, current prices",U.S. dollars,Billions,"See notes for:  Gross domestic product, current prices (National currency).",24.47 ,25.16 ,27.17 ,29.91 ,32.96 ,2013
698,ZWE,Zimbabwe,"Gross domestic product, current prices",U.S. dollars,Billions,"See notes for:  Gross domestic product, current prices (National currency).",13.91 ,14.29 ,14.99 ,15.74 ,16.61 ,2013
512,AFG,Afghanistan,"Gross domestic product per capita, current prices",U.S. dollars,Units,"See notes for:  Gross domestic product, current prices (National currency) Population (Persons).",614.89 ,600.32 ,625.30 ,649.50 ,681.81 ,2013
914,ALB,Albania,"Gross domestic product per capita, current prices",U.S. dollars,Units,"See notes for:  Gross domestic product, current prices (National currency) Population (Persons).",4200.03 ,4444.29 ,4836.27 ,5275.08 ,5749.58 ,2010
612,DZA,Algeria,"Gross domestic product per capita, current prices",U.S. dollars,Units,"See notes for:  Gross domestic product, current prices (National currency) Population (Persons).",4345.43 ,4425.97 ,4604.56 ,4761.26 ,4883.77 ,2013
614,AGO,Angola,"Gross domestic product per capita, current prices",U.S. dollars,Units,"See notes for:  Gross domestic product, current prices (National currency) Population (Persons).",4061.78 ,3819.93 ,3954.65 ,4100.53 ,4224.12 ,2013
311,ATG,Antigua and Barbuda,"Gross domestic product per capita, current prices",U.S. dollars,Units,"See notes for:  Gross domestic product, current prices (National currency) Population (Persons).",14390.64 ,14714.91 ,15194.08 ,15813.40 ,16475.74 ,2011
213,ARG,Argentina,"Gross domestic product per capita, current prices",U.S. dollars,Units,"See notes for:  Gross domestic product, current prices (National currency) Population (Persons).",13428.32 ,13283.84 ,13385.88 ,13536.52 ,13708.37 ,2010
911,ARM,Armenia,"Gross domestic product per capita, current prices",U.S. dollars,Units,"See notes for:  Gross domestic product, current prices (National currency) Population (Persons).",3546.95 ,3568.46 ,3702.60 ,3888.15 ,4102.81 ,2011
193,AUS,Australia,"Gross domestic product per capita, current prices",U.S. dollars,Units,"See notes for:  Gross domestic product, current prices (National currency) Population (Persons).",51641.63 ,51257.34 ,52976.04 ,54646.23 ,56131.17 ,2014
122,AUT,Austria,"Gross domestic product per capita, current prices",U.S. dollars,Units,"See notes for:  Gross domestic product, current prices (National currency) Population (Persons).",43546.60 ,44944.07 ,46685.00 ,48300.94 ,49873.26 ,2014
912,AZE,Azerbaijan,"Gross domestic product per capita, current prices",U.S. dollars,Units,"See notes for:  Gross domestic product, current prices (National currency) Population (Persons).",6794.43 ,6700.28 ,7412.72 ,7700.05 ,8639.78 ,2014
313,BHS,The Bahamas,"Gross domestic product per capita, current prices",U.S. dollars,Units,"See notes for:  Gross domestic product, current prices (National currency) Population (Persons).",24394.47 ,24977.99 ,25649.31 ,26060.32 ,26564.59 ,2013
419,BHR,Bahrain,"Gross domestic product per capita, current prices",U.S. dollars,Units,"See notes for:  Gross domestic product, current prices (National currency) Population (Persons).",23898.98 ,24507.33 ,25500.25 ,26469.15 ,27458.24 ,2013
513,BGD,Bangladesh,"Gross domestic product per capita, current prices",U.S. dollars,Units,"See notes for:  Gross domestic product, current prices (National currency) Population (Persons).",1265.71 ,1355.87 ,1462.89 ,1582.23 ,1712.81 ,2013
316,BRB,Barbados,"Gross domestic product per capita, current prices",U.S. dollars,Units,"See notes for:  Gross domestic product, current prices (National currency) Population (Persons).",15912.10 ,16184.24 ,16556.28 ,17064.93 ,17714.47 ,2010
913,BLR,Belarus,"Gross domestic product per capita, current prices",U.S. dollars,Units,"See notes for:  Gross domestic product, current prices (National currency) Population (Persons).",6583.39 ,7080.58 ,7612.24 ,8192.05 ,8927.89 ,2013
124,BEL,Belgium,"Gross domestic product per capita, current prices",U.S. dollars,Units,"See notes for:  Gross domestic product, current prices (National currency) Population (Persons).",40456.32 ,41412.24 ,42669.84 ,43982.93 ,45297.14 ,2014
339,BLZ,Belize,"Gross domestic product per capita, current prices",U.S. dollars,Units,"See notes for:  Gross domestic product, current prices (National currency) Population (Persons).",4841.74 ,4957.01 ,5098.53 ,5231.17 ,5363.35 ,2013
638,BEN,Benin,"Gross domestic product per capita, current prices",U.S. dollars,Units,"See notes for:  Gross domestic product, current prices (National currency) Population (Persons).",708.99 ,745.85 ,794.89 ,848.33 ,902.40 ,2011
514,BTN,Bhutan,"Gross domestic product per capita, current prices",U.S. dollars,Units,"See notes for:  Gross domestic product, current prices (National currency) Population (Persons).",2836.80 ,3114.25 ,3416.39 ,3841.36 ,4172.87 ,0
218,BOL,Bolivia,"Gross domestic product per capita, current prices",U.S. dollars,Units,"See notes for:  Gross domestic product, current prices (National currency) Population (Persons).",2914.69 ,3004.79 ,3197.61 ,3402.89 ,3619.46 ,2011
963,BIH,Bosnia and Herzegovina,"Gross domestic product per capita, current prices",U.S. dollars,Units,"See notes for:  Gross domestic product, current prices (National currency) Population (Persons).",4029.85 ,4230.55 ,4514.39 ,4835.68 ,5193.35 ,2014
616,BWA,Botswana,"Gross domestic product per capita, current prices",U.S. dollars,Units,"See notes for:  Gross domestic product, current prices (National currency) Population (Persons).",6149.67 ,6040.56 ,6351.51 ,6717.43 ,7199.27 ,2008
223,BRA,Brazil,"Gross domestic product per capita, current prices",U.S. dollars,Units,"See notes for:  Gross domestic product, current prices (National currency) Population (Persons).",8802.17 ,8117.65 ,8471.81 ,8866.12 ,9274.08 ,2014
516,BRN,Brunei Darussalam,"Gross domestic product per capita, current prices",U.S. dollars,Units,"See notes for:  Gross domestic product, current prices (National currency) Population (Persons).",27759.05 ,27817.65 ,30110.10 ,33069.94 ,38311.89 ,2013
918,BGR,Bulgaria,"Gross domestic product per capita, current prices",U.S. dollars,Units,"See notes for:  Gross domestic product, current prices (National currency) Population (Persons).",6581.91 ,6815.13 ,7150.42 ,7540.11 ,7977.36 ,2014
748,BFA,Burkina Faso,"Gross domestic product per capita, current prices",U.S. dollars,Units,"See notes for:  Gross domestic product, current prices (National currency) Population (Persons).",631.37 ,663.22 ,707.40 ,756.31 ,808.97 ,2011
618,BDI,Burundi,"Gross domestic product per capita, current prices",U.S. dollars,Units,"See notes for:  Gross domestic product, current prices (National currency) Population (Persons).",315.20 ,336.60 ,355.49 ,378.06 ,400.12 ,0
624,CPV,Cabo Verde,"Gross domestic product per capita, current prices",U.S. dollars,Units,"See notes for:  Gross domestic product, current prices (National currency) Population (Persons).",3127.28 ,3287.77 ,3488.19 ,3712.61 ,3948.01 ,2014
522,KHM,Cambodia,"Gross domestic product per capita, current prices",U.S. dollars,Units,"See notes for:  Gross domestic product, current prices (National currency) Population (Persons).",1139.69 ,1216.90 ,1302.74 ,1400.66 ,1505.14 ,2012
622,CMR,Cameroon,"Gross domestic product per capita, current prices",U.S. dollars,Units,"See notes for:  Gross domestic product, current prices (National currency) Population (Persons).",1234.39 ,1299.95 ,1380.75 ,1465.09 ,1552.33 ,2010
156,CAN,Canada,"Gross domestic product per capita, current prices",U.S. dollars,Units,"See notes for:  Gross domestic product, current prices (National currency) Population (Persons).",43934.81 ,44094.85 ,46172.12 ,48247.20 ,50142.25 ,2014
626,CAF,Central African Republic,"Gross domestic product per capita, current prices",U.S. dollars,Units,"See notes for:  Gross domestic product, current prices (National currency) Population (Persons).",338.73 ,376.44 ,420.55 ,466.58 ,508.97 ,2004
628,TCD,Chad,"Gross domestic product per capita, current prices",U.S. dollars,Units,"See notes for:  Gross domestic product, current prices (National currency) Population (Persons).",1010.55 ,1081.41 ,1206.72 ,1280.04 ,1362.29 ,2004
228,CHL,Chile,"Gross domestic product per capita, current prices",U.S. dollars,Units,"See notes for:  Gross domestic product, current prices (National currency) Population (Persons).",13330.87 ,13206.91 ,13648.26 ,14152.18 ,14725.62 ,2002
924,CHN,China,"Gross domestic product per capita, current prices",U.S. dollars,Units,"See notes for:  Gross domestic product, current prices (National currency) Population (Persons).",8280.09 ,8866.00 ,9481.88 ,10219.41 ,11126.81 ,2014
233,COL,Colombia,"Gross domestic product per capita, current prices",U.S. dollars,Units,"See notes for:  Gross domestic product, current prices (National currency) Population (Persons).",5687.48 ,5403.23 ,6158.45 ,6808.50 ,7511.16 ,2014
632,COM,Comoros,"Gross domestic product per capita, current prices",U.S. dollars,Units,"See notes for:  Gross domestic product, current prices (National currency) Population (Persons).",736.85 ,758.86 ,787.05 ,820.90 ,855.10 ,2003
636,COD,Democratic Republic of the Congo,"Gross domestic product per capita, current prices",U.S. dollars,Units,"See notes for:  Gross domestic product, current prices (National currency) Population (Persons).",478.19 ,499.89 ,524.04 ,547.30 ,574.33 ,1983
634,COG,Republic of Congo,"Gross domestic product per capita, current prices",U.S. dollars,Units,"See notes for:  Gross domestic product, current prices (National currency) Population (Persons).",2030.69 ,2190.31 ,2679.51 ,2753.32 ,2638.16 ,2004
238,CRI,Costa Rica,"Gross domestic product per capita, current prices",U.S. dollars,Units,"See notes for:  Gross domestic product, current prices (National currency) Population (Persons).",10671.55 ,11219.49 ,11842.56 ,12520.53 ,13192.63 ,2011
662,CIV,C魌e d'Ivoire,"Gross domestic product per capita, current prices",U.S. dollars,Units,"See notes for:  Gross domestic product, current prices (National currency) Population (Persons).",1318.81 ,1409.29 ,1518.77 ,1633.83 ,1749.06 ,2012
960,HRV,Croatia,"Gross domestic product per capita, current prices",U.S. dollars,Units,"See notes for:  Gross domestic product, current prices (National currency) Population (Persons).",11551.37 ,11813.05 ,12321.44 ,12964.82 ,13679.89 ,2013
423,CYP,Cyprus,"Gross domestic product per capita, current prices",U.S. dollars,Units,"See notes for:  Gross domestic product, current prices (National currency) Population (Persons).",21531.02 ,21881.87 ,22629.22 ,23474.11 ,24360.63 ,2014
935,CZE,Czech Republic,"Gross domestic product per capita, current prices",U.S. dollars,Units,"See notes for:  Gross domestic product, current prices (National currency) Population (Persons).",17330.08 ,18020.04 ,18663.09 ,19069.66 ,19252.63 ,2014
128,DNK,Denmark,"Gross domestic product per capita, current prices",U.S. dollars,Units,"See notes for:  Gross domestic product, current prices (National currency) Population (Persons).",51423.61 ,53280.96 ,55822.68 ,58610.72 ,61361.57 ,2014
611,DJI,Djibouti,"Gross domestic product per capita, current prices",U.S. dollars,Units,"See notes for:  Gross domestic product, current prices (National currency) Population (Persons).",1805.18 ,1944.70 ,2096.96 ,2261.13 ,2424.12 ,2009
321,DMA,Dominica,"Gross domestic product per capita, current prices",U.S. dollars,Units,"See notes for:  Gross domestic product, current prices (National currency) Population (Persons).",7601.78 ,7898.70 ,8156.44 ,8459.44 ,8783.44 ,2011
243,DOM,Dominican Republic,"Gross domestic product per capita, current prices",U.S. dollars,Units,"See notes for:  Gross domestic product, current prices (National currency) Population (Persons).",6663.87 ,6922.69 ,7191.73 ,7471.22 ,7761.57 ,2014
248,ECU,Ecuador,"Gross domestic product per capita, current prices",U.S. dollars,Units,"See notes for:  Gross domestic product, current prices (National currency) Population (Persons).",6076.93 ,6152.79 ,6245.06 ,6371.69 ,6510.19 ,2014
469,EGY,Egypt,"Gross domestic product per capita, current prices",U.S. dollars,Units,"See notes for:  Gross domestic product, current prices (National currency) Population (Persons).",n/a,n/a,n/a,n/a,n/a,2014
253,SLV,El Salvador,"Gross domestic product per capita, current prices",U.S. dollars,Units,"See notes for:  Gross domestic product, current prices (National currency) Population (Persons).",4022.55 ,4153.09 ,4305.32 ,4476.27 ,4641.06 ,2007
642,GNQ,Equatorial Guinea,"Gross domestic product per capita, current prices",U.S. dollars,Units,"See notes for:  Gross domestic product, current prices (National currency) Population (Persons).",12540.99 ,12438.33 ,12340.03 ,12196.83 ,12043.31 ,2010
643,ERI,Eritrea,"Gross domestic product per capita, current prices",U.S. dollars,Units,"See notes for:  Gross domestic product, current prices (National currency) Population (Persons).",630.25 ,689.41 ,760.26 ,844.95 ,940.38 ,2006
939,EST,Estonia,"Gross domestic product per capita, current prices",U.S. dollars,Units,"See notes for:  Gross domestic product, current prices (National currency) Population (Persons).",17425.30 ,18452.99 ,19760.60 ,21178.29 ,22694.40 ,2013
644,ETH,Ethiopia,"Gross domestic product per capita, current prices",U.S. dollars,Units,"See notes for:  Gross domestic product, current prices (National currency) Population (Persons).",702.12 ,769.45 ,835.77 ,896.63 ,961.69 ,2008
819,FJI,Fiji,"Gross domestic product per capita, current prices",U.S. dollars,Units,"See notes for:  Gross domestic product, current prices (National currency) Population (Persons).",5086.20 ,5308.24 ,5533.35 ,5771.98 ,6025.05 ,2013
172,FIN,Finland,"Gross domestic product per capita, current prices",U.S. dollars,Units,"See notes for:  Gross domestic product, current prices (National currency) Population (Persons).",42159.31 ,43114.80 ,44571.56 ,46187.03 ,47877.90 ,2014
132,FRA,France,"Gross domestic product per capita, current prices",U.S. dollars,Units,"See notes for:  Gross domestic product, current prices (National currency) Population (Persons).",37728.41 ,38575.44 ,39914.89 ,41329.26 ,42841.43 ,2014
646,GAB,Gabon,"Gross domestic product per capita, current prices",U.S. dollars,Units,"See notes for:  Gross domestic product, current prices (National currency) Population (Persons).",8580.73 ,8730.70 ,9359.14 ,9929.46 ,10460.10 ,0
648,GMB,The Gambia,"Gross domestic product per capita, current prices",U.S. dollars,Units,"See notes for:  Gross domestic product, current prices (National currency) Population (Persons).",384.24 ,371.81 ,392.63 ,411.47 ,432.27 ,2010
915,GEO,Georgia,"Gross domestic product per capita, current prices",U.S. dollars,Units,"See notes for:  Gross domestic product, current prices (National currency) Population (Persons).",3719.98 ,3879.72 ,4271.07 ,4651.76 ,5074.15 ,2013
134,DEU,Germany,"Gross domestic product per capita, current prices",U.S. dollars,Units,"See notes for:  Gross domestic product, current prices (National currency) Population (Persons).",41267.31 ,42388.48 ,43793.55 ,45260.52 ,46747.32 ,2013
652,GHA,Ghana,"Gross domestic product per capita, current prices",U.S. dollars,Units,"See notes for:  Gross domestic product, current prices (National currency) Population (Persons).",1401.44 ,1533.91 ,1659.25 ,1766.58 ,1848.98 ,0
174,GRC,Greece,"Gross domestic product per capita, current prices",U.S. dollars,Units,"See notes for:  Gross domestic product, current prices (National currency) Population (Persons).",17656.92 ,17702.91 ,18607.13 ,19681.86 ,20757.24 ,2014
328,GRD,Grenada,"Gross domestic product per capita, current prices",U.S. dollars,Units,"See notes for:  Gross domestic product, current prices (National currency) Population (Persons).",8970.92 ,9382.07 ,9808.80 ,10264.89 ,10742.20 ,2011
258,GTM,Guatemala,"Gross domestic product per capita, current prices",U.S. dollars,Units,"See notes for:  Gross domestic product, current prices (National currency) Population (Persons).",3886.48 ,3982.55 ,4126.72 ,4288.90 ,4453.38 ,2010
656,GIN,Guinea,"Gross domestic product per capita, current prices",U.S. dollars,Units,"See notes for:  Gross domestic product, current prices (National currency) Population (Persons).",545.64 ,558.69 ,585.19 ,614.46 ,639.49 ,2009
654,GNB,Guinea-Bissau,"Gross domestic product per capita, current prices",U.S. dollars,Units,"See notes for:  Gross domestic product, current prices (National currency) Population (Persons).",582.24 ,613.78 ,649.88 ,690.32 ,733.45 ,2004
336,GUY,Guyana,"Gross domestic product per capita, current prices",U.S. dollars,Units,"See notes for:  Gross domestic product, current prices (National currency) Population (Persons).",3993.18 ,4240.37 ,4465.33 ,4698.22 ,4942.24 ,2002
263,HTI,Haiti,"Gross domestic product per capita, current prices",U.S. dollars,Units,"See notes for:  Gross domestic product, current prices (National currency) Population (Persons).",829.64 ,830.58 ,858.19 ,892.14 ,932.13 ,0
268,HND,Honduras,"Gross domestic product per capita, current prices",U.S. dollars,Units,"See notes for:  Gross domestic product, current prices (National currency) Population (Persons).",2364.58 ,2377.17 ,2391.20 ,2415.39 ,2444.68 ,2001
532,HKG,Hong Kong SAR,"Gross domestic product per capita, current prices",U.S. dollars,Units,"See notes for:  Gross domestic product, current prices (National currency) Population (Persons).",42096.88 ,43792.00 ,45847.84 ,48155.33 ,50676.08 ,2014
944,HUN,Hungary,"Gross domestic product per capita, current prices",U.S. dollars,Units,"See notes for:  Gross domestic product, current prices (National currency) Population (Persons).",12020.63 ,12606.02 ,13305.95 ,14016.32 ,14701.33 ,2014
176,ISL,Iceland,"Gross domestic product per capita, current prices",U.S. dollars,Units,"See notes for:  Gross domestic product, current prices (National currency) Population (Persons).",51068.20 ,53750.44 ,55636.46 ,57136.13 ,58136.75 ,2014
534,IND,India,"Gross domestic product per capita, current prices",U.S. dollars,Units,"See notes for:  Gross domestic product, current prices (National currency) Population (Persons).",1688.38 ,1820.80 ,1964.97 ,2117.05 ,2299.37 ,2013
536,IDN,Indonesia,"Gross domestic product per capita, current prices",U.S. dollars,Units,"See notes for:  Gross domestic product, current prices (National currency) Population (Persons).",3415.83 ,3383.87 ,3625.06 ,3844.82 ,4100.12 ,2014
429,IRN,Islamic Republic of Iran,"Gross domestic product per capita, current prices",U.S. dollars,Units,"See notes for:  Gross domestic product, current prices (National currency) Population (Persons).",5047.84 ,5237.42 ,5565.63 ,5922.32 ,6295.53 ,2012
433,IRQ,Iraq,"Gross domestic product per capita, current prices",U.S. dollars,Units,"See notes for:  Gross domestic product, current prices (National currency) Population (Persons).",4694.26 ,4891.34 ,5416.36 ,5899.68 ,6345.17 ,2013
178,IRL,Ireland,"Gross domestic product per capita, current prices",U.S. dollars,Units,"See notes for:  Gross domestic product, current prices (National currency) Population (Persons).",48939.68 ,51293.29 ,53804.27 ,56162.04 ,58392.49 ,2014
436,ISR,Israel,"Gross domestic product per capita, current prices",U.S. dollars,Units,"See notes for:  Gross domestic product, current prices (National currency) Population (Persons).",35702.07 ,36662.98 ,36853.09 ,36973.38 ,37008.34 ,2014
136,ITA,Italy,"Gross domestic product per capita, current prices",U.S. dollars,Units,"See notes for:  Gross domestic product, current prices (National currency) Population (Persons).",29847.38 ,30540.57 ,31505.04 ,32456.14 ,33388.20 ,2014
343,JAM,Jamaica,"Gross domestic product per capita, current prices",U.S. dollars,Units,"See notes for:  Gross domestic product, current prices (National currency) Population (Persons).",4912.29 ,4993.60 ,5172.58 ,5394.17 ,5638.59 ,2014
158,JPN,Japan,"Gross domestic product per capita, current prices",U.S. dollars,Units,"See notes for:  Gross domestic product, current prices (National currency) Population (Persons).",32480.66 ,33010.02 ,34486.47 ,35450.27 ,36758.57 ,2014
439,JOR,Jordan,"Gross domestic product per capita, current prices",U.S. dollars,Units,"See notes for:  Gross domestic product, current prices (National currency) Population (Persons).",5599.56 ,5862.05 ,6145.37 ,6439.25 ,6747.17 ,2013
916,KAZ,Kazakhstan,"Gross domestic product per capita, current prices",U.S. dollars,Units,"See notes for:  Gross domestic product, current prices (National currency) Population (Persons).",11028.07 ,9650.47 ,10719.75 ,11839.12 ,12953.39 ,2014
664,KEN,Kenya,"Gross domestic product per capita, current prices",U.S. dollars,Units,"See notes for:  Gross domestic product, current prices (National currency) Population (Persons).",1432.09 ,1522.00 ,1652.82 ,1789.13 ,1928.75 ,2013
826,KIR,Kiribati,"Gross domestic product per capita, current prices",U.S. dollars,Units,"See notes for:  Gross domestic product, current prices (National currency) Population (Persons).",1443.35 ,1429.13 ,1425.47 ,1428.83 ,1424.81 ,2013
542,KOR,Korea,"Gross domestic product per capita, current prices",U.S. dollars,Units,"See notes for:  Gross domestic product, current prices (National currency) Population (Persons).",27512.89 ,28524.63 ,30285.16 ,32177.54 ,34267.98 ,2014
967,UVK,Kosovo,"Gross domestic product per capita, current prices",U.S. dollars,Units,,,,,,,
443,KWT,Kuwait,"Gross domestic product per capita, current prices",U.S. dollars,Units,"See notes for:  Gross domestic product, current prices (National currency) Population (Persons).",29982.63 ,30426.36 ,32649.62 ,34845.40 ,36523.04 ,2014
917,KGZ,Kyrgyz Republic,"Gross domestic product per capita, current prices",U.S. dollars,Units,"See notes for:  Gross domestic product, current prices (National currency) Population (Persons).",1197.76 ,1264.05 ,1351.33 ,1443.60 ,1538.39 ,2012
544,LAO,Lao P.D.R.,"Gross domestic product per capita, current prices",U.S. dollars,Units,"See notes for:  Gross domestic product, current prices (National currency) Population (Persons).",1785.09 ,1876.90 ,2057.80 ,2298.72 ,2486.12 ,2012
941,LVA,Latvia,"Gross domestic product per capita, current prices",U.S. dollars,Units,"See notes for:  Gross domestic product, current prices (National currency) Population (Persons).",13729.09 ,14496.15 ,15596.39 ,16778.56 ,17981.40 ,2013
446,LBN,Lebanon,"Gross domestic product per capita, current prices",U.S. dollars,Units,"See notes for:  Gross domestic product, current prices (National currency) Population (Persons).",11945.35 ,12404.54 ,12799.89 ,13274.59 ,13976.13 ,2011
666,LSO,Lesotho,"Gross domestic product per capita, current prices",U.S. dollars,Units,"See notes for:  Gross domestic product, current prices (National currency) Population (Persons).",1062.58 ,1091.66 ,1160.99 ,1247.63 ,1311.64 ,2006
668,LBR,Liberia,"Gross domestic product per capita, current prices",U.S. dollars,Units,"See notes for:  Gross domestic product, current prices (National currency) Population (Persons).",469.09 ,479.47 ,506.64 ,541.70 ,578.56 ,2009
672,LBY,Libya,"Gross domestic product per capita, current prices",U.S. dollars,Units,"See notes for:  Gross domestic product, current prices (National currency) Population (Persons).",4753.60 ,5109.44 ,5694.74 ,6378.28 ,7083.17 ,2014
946,LTU,Lithuania,"Gross domestic product per capita, current prices",U.S. dollars,Units,"See notes for:  Gross domestic product, current prices (National currency) Population (Persons).",14318.08 ,15365.97 ,16631.43 ,17566.61 ,18621.24 ,2013
137,LUX,Luxembourg,"Gross domestic product per capita, current prices",U.S. dollars,Units,"See notes for:  Gross domestic product, current prices (National currency) Population (Persons).",103186.99 ,106728.89 ,111062.79 ,115575.04 ,120081.61 ,2014
962,MKD,FYR Macedonia,"Gross domestic product per capita, current prices",U.S. dollars,Units,"See notes for:  Gross domestic product, current prices (National currency) Population (Persons).",4867.22 ,5088.00 ,5379.56 ,5713.03 ,6091.27 ,2014
674,MDG,Madagascar,"Gross domestic product per capita, current prices",U.S. dollars,Units,"See notes for:  Gross domestic product, current prices (National currency) Population (Persons).",392.55 ,368.05 ,380.70 ,395.24 ,411.40 ,2006
676,MWI,Malawi,"Gross domestic product per capita, current prices",U.S. dollars,Units,"See notes for:  Gross domestic product, current prices (National currency) Population (Persons).",352.73 ,330.01 ,338.52 ,349.76 ,363.47 ,2014
548,MYS,Malaysia,"Gross domestic product per capita, current prices",U.S. dollars,Units,"See notes for:  Gross domestic product, current prices (National currency) Population (Persons).",10073.17 ,11090.07 ,12192.38 ,13362.93 ,14650.56 ,2014
556,MDV,Maldives,"Gross domestic product per capita, current prices",U.S. dollars,Units,"See notes for:  Gross domestic product, current prices (National currency) Population (Persons).",8713.74 ,9127.00 ,9685.19 ,10306.03 ,10990.35 ,2006
678,MLI,Mali,"Gross domestic product per capita, current prices",U.S. dollars,Units,"See notes for:  Gross domestic product, current prices (National currency) Population (Persons).",672.23 ,706.58 ,744.03 ,779.81 ,813.56 ,2010
181,MLT,Malta,"Gross domestic product per capita, current prices",U.S. dollars,Units,"See notes for:  Gross domestic product, current prices (National currency) Population (Persons).",21539.91 ,22716.68 ,24098.02 ,25544.02 ,27020.27 ,2013
867,MHL,Marshall Islands,"Gross domestic product per capita, current prices",U.S. dollars,Units,"See notes for:  Gross domestic product, current prices (National currency) Population (Persons).",3527.28 ,3573.77 ,3644.28 ,3711.38 ,3772.34 ,2013
682,MRT,Mauritania,"Gross domestic product per capita, current prices",U.S. dollars,Units,"See notes for:  Gross domestic product, current prices (National currency) Population (Persons).",1262.13 ,1263.79 ,1323.82 ,1388.97 ,1459.97 ,2012
684,MUS,Mauritius,"Gross domestic product per capita, current prices",U.S. dollars,Units,"See notes for:  Gross domestic product, current prices (National currency) Population (Persons).",9186.51 ,9643.38 ,10242.98 ,10873.85 ,11529.32 ,2012
273,MEX,Mexico,"Gross domestic product per capita, current prices",U.S. dollars,Units,"See notes for:  Gross domestic product, current prices (National currency) Population (Persons).",9592.12 ,9692.18 ,10100.59 ,10558.03 ,11085.47 ,2014
868,FSM,Micronesia,"Gross domestic product per capita, current prices",U.S. dollars,Units,"See notes for:  Gross domestic product, current prices (National currency) Population (Persons).",2970.36 ,3021.25 ,3105.17 ,3173.42 ,3254.68 ,2013
921,MDA,Moldova,"Gross domestic product per capita, current prices",U.S. dollars,Units,"See notes for:  Gross domestic product, current prices (National currency) Population (Persons).",1740.28 ,1828.51 ,1973.28 ,2131.37 ,2320.70 ,2013
948,MNG,Mongolia,"Gross domestic product per capita, current prices",U.S. dollars,Units,"See notes for:  Gross domestic product, current prices (National currency) Population (Persons).",4179.09 ,4300.17 ,4478.10 ,4773.02 ,5098.76 ,2014
943,MNE,Montenegro,"Gross domestic product per capita, current prices",U.S. dollars,Units,"See notes for:  Gross domestic product, current prices (National currency) Population (Persons).",6372.60 ,6783.14 ,7141.45 ,7527.07 ,7821.92 ,2013
686,MAR,Morocco,"Gross domestic product per capita, current prices",U.S. dollars,Units,"See notes for:  Gross domestic product, current prices (National currency) Population (Persons).",3076.60 ,3249.23 ,3442.20 ,3659.31 ,3908.65 ,2014
688,MOZ,Mozambique,"Gross domestic product per capita, current prices",U.S. dollars,Units,"See notes for:  Gross domestic product, current prices (National currency) Population (Persons).",626.23 ,684.80 ,745.56 ,813.39 ,887.11 ,2013
518,MMR,Myanmar,"Gross domestic product per capita, current prices",U.S. dollars,Units,"See notes for:  Gross domestic product, current prices (National currency) Population (Persons).",1268.68 ,1364.02 ,1501.50 ,1649.85 ,1806.14 ,2007
728,NAM,Namibia,"Gross domestic product per capita, current prices",U.S. dollars,Units,"See notes for:  Gross domestic product, current prices (National currency) Population (Persons).",5787.15 ,6118.17 ,6608.40 ,7120.85 ,7565.68 ,2008
558,NPL,Nepal,"Gross domestic product per capita, current prices",U.S. dollars,Units,"See notes for:  Gross domestic product, current prices (National currency) Population (Persons).",751.12 ,836.90 ,907.18 ,970.52 ,1017.16 ,2012
138,NLD,Netherlands,"Gross domestic product per capita, current prices",U.S. dollars,Units,"See notes for:  Gross domestic product, current prices (National currency) Population (Persons).",44333.15 ,46027.85 ,48016.09 ,50088.38 ,52183.56 ,2014
196,NZL,New Zealand,"Gross domestic product per capita, current prices",U.S. dollars,Units,"See notes for:  Gross domestic product, current prices (National currency) Population (Persons).",36963.50 ,35569.84 ,36702.46 ,37870.21 ,39019.51 ,2014
278,NIC,Nicaragua,"Gross domestic product per capita, current prices",U.S. dollars,Units,"See notes for:  Gross domestic product, current prices (National currency) Population (Persons).",1965.01 ,2063.90 ,2162.99 ,2267.34 ,2376.45 ,2013
692,NER,Niger,"Gross domestic product per capita, current prices",U.S. dollars,Units,"See notes for:  Gross domestic product, current prices (National currency) Population (Persons).",403.44 ,420.61 ,452.03 ,484.92 ,515.26 ,2009
694,NGA,Nigeria,"Gross domestic product per capita, current prices",U.S. dollars,Units,"See notes for:  Gross domestic product, current prices (National currency) Population (Persons).",2758.41 ,2640.53 ,2695.11 ,2758.05 ,2837.42 ,2012
142,NOR,Norway,"Gross domestic product per capita, current prices",U.S. dollars,Units,"See notes for:  Gross domestic product, current prices (National currency) Population (Persons).",76266.46 ,74902.79 ,77918.89 ,81021.54 ,83255.81 ,2014
449,OMN,Oman,"Gross domestic product per capita, current prices",U.S. dollars,Units,"See notes for:  Gross domestic product, current prices (National currency) Population (Persons).",15672.37 ,15322.35 ,15972.71 ,16429.91 ,16622.46 ,2012
564,PAK,Pakistan,"Gross domestic product per capita, current prices",U.S. dollars,Units,"See notes for:  Gross domestic product, current prices (National currency) Population (Persons).",1427.09 ,n/a,n/a,n/a,n/a,2015
565,PLW,Palau,"Gross domestic product per capita, current prices",U.S. dollars,Units,"See notes for:  Gross domestic product, current prices (National currency) Population (Persons).",14600.10 ,15113.07 ,15644.28 ,16146.75 ,16665.37 ,2014
283,PAN,Panama,"Gross domestic product per capita, current prices",U.S. dollars,Units,"See notes for:  Gross domestic product, current prices (National currency) Population (Persons).",11849.66 ,12608.78 ,13441.47 ,14382.87 ,15288.44 ,2013
853,PNG,Papua New Guinea,"Gross domestic product per capita, current prices",U.S. dollars,Units,"See notes for:  Gross domestic product, current prices (National currency) Population (Persons).",2331.58 ,2299.42 ,2333.78 ,2389.26 ,2470.07 ,2012
288,PRY,Paraguay,"Gross domestic product per capita, current prices",U.S. dollars,Units,"See notes for:  Gross domestic product, current prices (National currency) Population (Persons).",4141.82 ,4217.11 ,4332.66 ,4450.12 ,4562.30 ,2013
293,PER,Peru,"Gross domestic product per capita, current prices",U.S. dollars,Units,"See notes for:  Gross domestic product, current prices (National currency) Population (Persons).",5637.84 ,5566.29 ,5882.95 ,6222.23 ,6521.93 ,2014
566,PHL,Philippines,"Gross domestic product per capita, current prices",U.S. dollars,Units,"See notes for:  Gross domestic product, current prices (National currency) Population (Persons).",2951.15 ,3192.15 ,3475.67 ,3790.20 ,4142.67 ,2014
964,POL,Poland,"Gross domestic product per capita, current prices",U.S. dollars,Units,"See notes for:  Gross domestic product, current prices (National currency) Population (Persons).",12662.21 ,13389.93 ,14216.95 ,15192.13 ,16262.42 ,2014
182,PRT,Portugal,"Gross domestic product per capita, current prices",U.S. dollars,Units,"See notes for:  Gross domestic product, current prices (National currency) Population (Persons).",18983.78 ,19611.26 ,20348.53 ,21085.98 ,21798.64 ,2014
453,QAT,Qatar,"Gross domestic product per capita, current prices",U.S. dollars,Units,"See notes for:  Gross domestic product, current prices (National currency) Population (Persons).",78829.24 ,73724.62 ,77856.60 ,83724.09 ,89472.09 ,2014
968,ROU,Romania,"Gross domestic product per capita, current prices",U.S. dollars,Units,"See notes for:  Gross domestic product, current prices (National currency) Population (Persons).",8807.33 ,9251.30 ,9950.71 ,10699.14 ,11436.42 ,2014
922,RUS,Russia,"Gross domestic product per capita, current prices",U.S. dollars,Units,"See notes for:  Gross domestic product, current prices (National currency) Population (Persons).",8447.42 ,8058.26 ,8949.20 ,9892.41 ,11031.06 ,2014
714,RWA,Rwanda,"Gross domestic product per capita, current prices",U.S. dollars,Units,"See notes for:  Gross domestic product, current prices (National currency) Population (Persons).",742.85 ,789.33 ,841.60 ,903.09 ,961.95 ,2012
862,WSM,Samoa,"Gross domestic product per capita, current prices",U.S. dollars,Units,"See notes for:  Gross domestic product, current prices (National currency) Population (Persons).",4481.25 ,4618.44 ,4644.32 ,4753.76 ,4889.76 ,2011
135,SMR,San Marino,"Gross domestic product per capita, current prices",U.S. dollars,Units,"See notes for:  Gross domestic product, current prices (National currency) Population (Persons).",49139.01 ,50260.48 ,52068.17 ,54202.57 ,56478.63 ,2013
716,STP,S鉶 Tom?and Pr韓cipe,"Gross domestic product per capita, current prices",U.S. dollars,Units,"See notes for:  Gross domestic product, current prices (National currency) Population (Persons).",1605.88 ,1715.57 ,1796.11 ,1898.89 ,2039.74 ,2011
456,SAU,Saudi Arabia,"Gross domestic product per capita, current prices",U.S. dollars,Units,"See notes for:  Gross domestic product, current prices (National currency) Population (Persons).",20138.83 ,20092.60 ,21269.12 ,22493.90 ,23540.76 ,2010
722,SEN,Senegal,"Gross domestic product per capita, current prices",U.S. dollars,Units,"See notes for:  Gross domestic product, current prices (National currency) Population (Persons).",934.64 ,986.43 ,1055.85 ,1133.58 ,1217.93 ,2011
942,SRB,Serbia,"Gross domestic product per capita, current prices",U.S. dollars,Units,"See notes for:  Gross domestic product, current prices (National currency) Population (Persons).",5102.45 ,5267.96 ,5556.00 ,5994.65 ,6456.87 ,2013
718,SYC,Seychelles,"Gross domestic product per capita, current prices",U.S. dollars,Units,"See notes for:  Gross domestic product, current prices (National currency) Population (Persons).",14466.16 ,15301.82 ,15994.82 ,16767.69 ,17472.50 ,2012
724,SLE,Sierra Leone,"Gross domestic product per capita, current prices",U.S. dollars,Units,"See notes for:  Gross domestic product, current prices (National currency) Population (Persons).",675.18 ,708.71 ,749.47 ,803.11 ,860.83 ,2012
576,SGP,Singapore,"Gross domestic product per capita, current prices",U.S. dollars,Units,"See notes for:  Gross domestic product, current prices (National currency) Population (Persons).",53224.27 ,55509.40 ,58664.98 ,61941.66 ,65311.27 ,2014
936,SVK,Slovak Republic,"Gross domestic product per capita, current prices",U.S. dollars,Units,"See notes for:  Gross domestic product, current prices (National currency) Population (Persons).",15892.55 ,16673.73 ,17685.04 ,18725.75 ,19800.67 ,2014
961,SVN,Slovenia,"Gross domestic product per capita, current prices",U.S. dollars,Units,"See notes for:  Gross domestic product, current prices (National currency) Population (Persons).",20712.01 ,21308.16 ,22275.09 ,23267.75 ,24276.65 ,2014
813,SLB,Solomon Islands,"Gross domestic product per capita, current prices",U.S. dollars,Units,"See notes for:  Gross domestic product, current prices (National currency) Population (Persons).",2050.46 ,2146.19 ,2258.72 ,2378.65 ,2512.69 ,2013
199,ZAF,South Africa,"Gross domestic product per capita, current prices",U.S. dollars,Units,"See notes for:  Gross domestic product, current prices (National currency) Population (Persons).",5783.50 ,5859.08 ,6014.46 ,6207.50 ,6408.76 ,2014
733,SSD,South Sudan,"Gross domestic product per capita, current prices",U.S. dollars,Units,"See notes for:  Gross domestic product, current prices (National currency) Population (Persons).",1083.20 ,1139.70 ,1132.77 ,971.42 ,1026.22 ,2008
184,ESP,Spain,"Gross domestic product per capita, current prices",U.S. dollars,Units,"See notes for:  Gross domestic product, current prices (National currency) Population (Persons).",26326.87 ,27309.31 ,28509.11 ,29704.39 ,30951.24 ,2014
524,LKA,Sri Lanka,"Gross domestic product per capita, current prices",U.S. dollars,Units,"See notes for:  Gross domestic product, current prices (National currency) Population (Persons).",3767.58 ,4060.98 ,4403.00 ,4773.83 ,5175.89 ,2012
361,KNA,St. Kitts and Nevis,"Gross domestic product per capita, current prices",U.S. dollars,Units,"See notes for:  Gross domestic product, current prices (National currency) Population (Persons).",14618.46 ,14987.62 ,15380.17 ,15797.43 ,16210.24 ,2003
362,LCA,St. Lucia,"Gross domestic product per capita, current prices",U.S. dollars,Units,"See notes for:  Gross domestic product, current prices (National currency) Population (Persons).",8409.87 ,8708.36 ,9039.20 ,9366.99 ,9710.34 ,2012
364,VCT,St. Vincent and the Grenadines,"Gross domestic product per capita, current prices",U.S. dollars,Units,"See notes for:  Gross domestic product, current prices (National currency) Population (Persons).",6959.24 ,7213.82 ,7508.93 ,7845.20 ,8198.35 ,2014
732,SDN,Sudan,"Gross domestic product per capita, current prices",U.S. dollars,Units,"See notes for:  Gross domestic product, current prices (National currency) Population (Persons).",2194.10 ,2152.13 ,2300.42 ,2406.78 ,2530.17 ,2011
366,SUR,Suriname,"Gross domestic product per capita, current prices",U.S. dollars,Units,"See notes for:  Gross domestic product, current prices (National currency) Population (Persons).",9051.56 ,9211.81 ,10112.80 ,10914.16 ,11669.97 ,2011
734,SWZ,Swaziland,"Gross domestic product per capita, current prices",U.S. dollars,Units,"See notes for:  Gross domestic product, current prices (National currency) Population (Persons).",3847.66 ,3847.56 ,3874.75 ,3920.15 ,3956.01 ,2009
144,SWE,Sweden,"Gross domestic product per capita, current prices",U.S. dollars,Units,"See notes for:  Gross domestic product, current prices (National currency) Population (Persons).",48965.95 ,49782.84 ,51061.48 ,52585.96 ,54028.04 ,2014
146,CHE,Switzerland,"Gross domestic product per capita, current prices",U.S. dollars,Units,"See notes for:  Gross domestic product, current prices (National currency) Population (Persons).",82177.60 ,82968.02 ,84864.29 ,86706.94 ,88448.04 ,2014
463,SYR,Syria,"Gross domestic product per capita, current prices",U.S. dollars,Units,"See notes for:  Gross domestic product, current prices (National currency) Population (Persons).",n/a,n/a,n/a,n/a,n/a,2010
528,TWN,Taiwan Province of China,"Gross domestic product per capita, current prices",U.S. dollars,Units,"See notes for:  Gross domestic product, current prices (National currency) Population (Persons).",22082.79 ,22928.48 ,23940.89 ,24972.39 ,26039.26 ,2014
923,TJK,Tajikistan,"Gross domestic product per capita, current prices",U.S. dollars,Units,"See notes for:  Gross domestic product, current prices (National currency) Population (Persons).",949.05 ,920.89 ,971.98 ,1033.86 ,1105.42 ,2014
738,TZA,Tanzania,"Gross domestic product per capita, current prices",U.S. dollars,Units,"See notes for:  Gross domestic product, current prices (National currency) Population (Persons).",968.82 ,963.83 ,1014.96 ,1082.30 ,1149.96 ,2012
578,THA,Thailand,"Gross domestic product per capita, current prices",U.S. dollars,Units,"See notes for:  Gross domestic product, current prices (National currency) Population (Persons).",5426.30 ,5697.49 ,5952.22 ,6250.29 ,6557.07 ,2014
537,TLS,Timor-Leste,"Gross domestic product per capita, current prices",U.S. dollars,Units,"See notes for:  Gross domestic product, current prices (National currency) Population (Persons).",3330.27 ,3010.17 ,2814.18 ,2808.98 ,2717.08 ,2011
742,TGO,Togo,"Gross domestic product per capita, current prices",U.S. dollars,Units,"See notes for:  Gross domestic product, current prices (National currency) Population (Persons).",578.11 ,610.32 ,650.00 ,691.15 ,732.24 ,2010
866,TON,Tonga,"Gross domestic product per capita, current prices",U.S. dollars,Units,"See notes for:  Gross domestic product, current prices (National currency) Population (Persons).",4311.03 ,4598.49 ,4912.59 ,5092.27 ,5297.22 ,2012
369,TTO,Trinidad and Tobago,"Gross domestic product per capita, current prices",U.S. dollars,Units,"See notes for:  Gross domestic product, current prices (National currency) Population (Persons).",20380.24 ,20757.45 ,21894.77 ,23152.46 ,24474.07 ,2012
744,TUN,Tunisia,"Gross domestic product per capita, current prices",U.S. dollars,Units,"See notes for:  Gross domestic product, current prices (National currency) Population (Persons).",3984.82 ,3972.38 ,4024.33 ,4100.03 ,4335.84 ,2010
186,TUR,Turkey,"Gross domestic product per capita, current prices",U.S. dollars,Units,"See notes for:  Gross domestic product, current prices (National currency) Population (Persons).",9290.43 ,9179.95 ,9594.04 ,10037.09 ,10524.03 ,2013
925,TKM,Turkmenistan,"Gross domestic product per capita, current prices",U.S. dollars,Units,"See notes for:  Gross domestic product, current prices (National currency) Population (Persons).",7534.02 ,8570.23 ,9574.08 ,10600.39 ,11790.20 ,2004
869,TUV,Tuvalu,"Gross domestic product per capita, current prices",U.S. dollars,Units,"See notes for:  Gross domestic product, current prices (National currency) Population (Persons).",3130.34 ,3193.56 ,3276.88 ,3354.67 ,3410.73 ,2012
746,UGA,Uganda,"Gross domestic product per capita, current prices",U.S. dollars,Units,"See notes for:  Gross domestic product, current prices (National currency) Population (Persons).",625.30 ,648.16 ,691.37 ,724.42 ,761.49 ,2013
926,UKR,Ukraine,"Gross domestic product per capita, current prices",U.S. dollars,Units,"See notes for:  Gross domestic product, current prices (National currency) Population (Persons).",2108.91 ,2199.49 ,2450.70 ,2718.34 ,2972.64 ,2014
466,ARE,United Arab Emirates,"Gross domestic product per capita, current prices",U.S. dollars,Units,"See notes for:  Gross domestic product, current prices (National currency) Population (Persons).",35392.17 ,36142.46 ,37737.02 ,39348.86 ,40759.22 ,2010
112,GBR,United Kingdom,"Gross domestic product per capita, current prices",U.S. dollars,Units,"See notes for:  Gross domestic product, current prices (National currency) Population (Persons).",44117.80 ,46719.86 ,49104.50 ,51693.66 ,54227.28 ,2014
111,USA,United States,"Gross domestic product per capita, current prices",U.S. dollars,Units,"See notes for:  Gross domestic product, current prices (National currency) Population (Persons).",55904.30 ,57765.51 ,60014.90 ,62473.98 ,64817.72 ,2014
298,URY,Uruguay,"Gross domestic product per capita, current prices",U.S. dollars,Units,"See notes for:  Gross domestic product, current prices (National currency) Population (Persons).",16091.91 ,16674.69 ,17431.43 ,18299.60 ,19223.43 ,2014
927,UZB,Uzbekistan,"Gross domestic product per capita, current prices",U.S. dollars,Units,"See notes for:  Gross domestic product, current prices (National currency) Population (Persons).",2129.50 ,2191.85 ,2315.88 ,2439.60 ,2569.75 ,2013
846,VUT,Vanuatu,"Gross domestic product per capita, current prices",U.S. dollars,Units,"See notes for:  Gross domestic product, current prices (National currency) Population (Persons).",2872.07 ,3028.41 ,3168.09 ,3301.42 ,3407.11 ,2013
299,VEN,Venezuela,"Gross domestic product per capita, current prices",U.S. dollars,Units,"See notes for:  Gross domestic product, current prices (National currency) Population (Persons).",4262.54 ,4250.55 ,4520.31 ,4785.85 ,5177.33 ,2010
582,VNM,Vietnam,"Gross domestic product per capita, current prices",U.S. dollars,Units,"See notes for:  Gross domestic product, current prices (National currency) Population (Persons).",2170.88 ,2320.70 ,2458.09 ,2618.59 ,2785.99 ,2012
474,YEM,Yemen,"Gross domestic product per capita, current prices",U.S. dollars,Units,"See notes for:  Gross domestic product, current prices (National currency) Population (Persons).",1234.95 ,1437.73 ,1596.43 ,1685.22 ,1741.17 ,2008
754,ZMB,Zambia,"Gross domestic product per capita, current prices",U.S. dollars,Units,"See notes for:  Gross domestic product, current prices (National currency) Population (Persons).",1576.45 ,1569.05 ,1640.29 ,1748.08 ,1864.83 ,2010
698,ZWE,Zimbabwe,"Gross domestic product per capita, current prices",U.S. dollars,Units,"See notes for:  Gross domestic product, current prices (National currency) Population (Persons).",1037.16 ,1054.43 ,1094.19 ,1135.84 ,1185.80 ,2012
,,,,,,,,,,,,
"International Monetary Fund, World Economic Outlook Database, October 2015",,,,,,,,,,,,
